{
  "project_info": {
    "project_number": "324643204982",
    "project_id": "proyecto-1cdf1",
    "storage_bucket": "proyecto-1cdf1.appspot.com"
  },
  "client": [
    {
      "client_info": {
        "mobilesdk_app_id": "1:324643204982:android:c0f45c510cbb5c33905457",
        "android_client_info": {
          "package_name": "com.example.makeitso"
        }
      },
      "oauth_client": [
        {
          "client_id": "324643204982-2k91pbfutbkkouqgjf2upt7uvsts9nk8.apps.googleusercontent.com",
          "client_type": 3
        }
      ],
      "api_key": [
        {
          "current_key": "AIzaSyDMlwyPKBkc6n8Oj-RkoIWszL_u6QwBio4"
        }
      ],
      "services": {
        "appinvite_service": {
          "other_platform_oauth_client": [
            {
              "client_id": "324643204982-2k91pbfutbkkouqgjf2upt7uvsts9nk8.apps.googleusercontent.com",
              "client_type": 3
            }
          ]
        }
      }
    }
  ],
  "configuration_version": "1"
}